{"is_source_file": true, "format": "md", "description": ".md file: README.md", "external_files": [], "external_methods": [], "published": [], "classes": [], "methods": [], "calls": [], "search-terms": ["README.md", "md"], "state": 2, "filename": "README.md", "format-version": 4, "code-base-name": "https://github.com/kavia-common/indian-web-series-explorer-6813-6822.git:kavia-main", "knowledge_revision": 3, "git_revision": "e48eb87c9e8c12cb4166088d140816ffe6348b64", "revision_history": [{"3": "e48eb87c9e8c12cb4166088d140816ffe6348b64"}]}